localName,flowerName,flowerMeaning,description,treatment
Bunga Bangkai,Amorphophallus titanium,,"Bunga bangkai atau dalam bahasa Latin disebut Amorphophallus titanium (Becc.) Becc. Tumbuhan ini sudah sangat terkenal di masyarakat karena memiliki perbungaan yang sangat besar dan merupakan tumbuhan dengan perbungaan terbesar di dunia. Amorphophallus titanium (Becc.) Becc. termasuk keluarga Araceae (talas-talasan) dan merupakan tanaman asli Indonesia, endemik dari Sumatera. Tumbuhan ini pertama kali ditemukan oleh Dr. Odoardo Beccari, seorang ahli botani dari Italia pada tahun 1878. Ia menemukan tumbuhan ini di sekitar air terjun Lembah Anai, Sumatera Barat.",Amorphophallus titanium (Becc.) Becc. termasuk dalam kategori tumbuhan langka berdasarkan klasifikasi dari International Union for Conservation of Nature (IUCN) dan keberadaannya dilindungi dengan Peraturan Pemerintah Nomor 7 tahun 1999.
Javanese Edelweiss,Anaphalis javanica,,"Anaphalis javanica, yang dikenal sebagai Edelweiss jawa (Javanese edelweiss) atau Bunga Senduro, adalah tumbuhan endemik zona alpina/montana di berbagai pegunungan tinggi di Indonesia yang saat ini dikategorikan sebagai tumbuhan langka. Tumbuhan ini dapat mencapai ketinggian 8 meter dan dapat memiliki batang sebesar kaki manusia, walaupun pada umumnya tidak melebihi 1 meter.","Edelweis adalah bunga yang pasti sudah tak asing lagi bagi para penggiat alam bebas mendaki gunung, karena bunga abadi ini saat ini hanya mampu tumbuh dan besar di ketinggian gunung dan memerlukan sinar matahari penuh. Bunga cantik ini memang akrab dengan para pendaki dan mengilhami banyak orang melalui keindahan dan keabadian yang ditampilkannya. Kebanyakan edelweis diambil karena untuk dijadikan bukti bahwa seseorang telah menggapai puncak tertinggi. Pengalaman menunjukan bahwa edelweis dapat bertahan sejak 6 bulan setelah dipetik. Walaupun berubah warna menjadi sedikit kecoklatan tapi tetap memancarkan keindahannya. Tak heran kalau bunga ini disebut sebagai bunga abadi, karena mekar dalam waktu yang cukup lama. Dari beragam alasan diatas tidak ada satu pun pembenaran yang patut kita tiru. Undang-undang nomor 41 Tahun 1999 tentang kehutanan sudah jelas melarang pengambilan dari dalam dan keluar flora maupun fauna termasuk edeleweis."
Anggrek Hitam,Coelogyne pandurata,,"Anggrek hitam (Coelogyne pandurata) adalah sejenis anggrek yang memiliki nama ilmiah Coelogyne pandurata. Anggrek ini dikenal dengan sebutan “anggrek hitam” karena warna bunganya yang kebanyakan berwarna hitam atau keunguan. Anggrek hitam berasal dari Asia Tenggara, terutama Indonesia, Malaysia, dan Thailand. Tanaman ini biasanya tumbuh di daerah pegunungan yang lembab dengan suhu yang sejuk. Anggrek hitam termasuk ke dalam keluarga Orchidaceae. Ciri khas anggrek hitam adalah bunga yang besar dan mengagumkan. Bunganya memiliki bentuk yang unik, dengan kelopak bunga yang melebar dan memiliki warna yang mencolok. Meskipun disebut “anggrek hitam,” warna sebenarnya bisa bervariasi, mulai dari ungu tua, cokelat tua, hingga hijau kehitaman.","Anggrek hitam merupakan anggrek epifit, yang berarti mereka tumbuh menempel pada pohon atau batang lain sebagai inang. Mereka menggunakan akar-akar udara untuk menyerap kelembaban dan nutrisi dari udara dan lingkungan sekitar. Pertumbuhan anggrek hitam membutuhkan kondisi yang cukup khusus. Mereka memerlukan cahaya yang cukup, tetapi tidak langsung terkena sinar matahari. Suhu yang sejuk dengan kelembaban tinggi juga penting bagi pertumbuhan mereka. Tanaman ini biasanya tumbuh dengan baik di rumah kaca atau lingkungan yang dikendalikan dengan baik. Anggrek hitam termasuk anggrek yang populer di kalangan kolektor tanaman hias karena keindahan bunganya yang eksotis. Namun, mereka memerlukan perawatan yang cermat dan kondisi yang tepat agar dapat tumbuh dengan baik."
Anggrek Bulan,Phalaenopsis amabilis,,"Anggrek Bulan (Phalaenopsis amabilis) atau puspa pesona adalah salah satu bunga nasional Indonesia. Pertama kali ditemukan oleh seorang ahli botani Belanda, Dr. C.L. Blume. Tanaman anggrek ini tersebar luas mulai dari Malaysia, Indonesia, Filipina, Papua, hingga ke Australia. Cara hidupnya secara epifit dengan menempel pada batang atau cabang pohon di hutan-hutan dan tumbuh subur hingga 600 meter di atas permukaan laut. Anggrek bulan termasuk dalam tanaman anggrek monopodial yang menyukai sedikit cahaya matahari sebagai penunjang hidupnya. Daunnya berwarna hijau dengan bentuk memanjang. Akar-akarnya berwarna putih dan berbentuk bulat memanjang serta terasa berdaging. Bunganya memiliki sedikit keharuman dan waktu mekar yang lama serta dapat tumbuh hingga diameter 10 cm lebih. Anggrek bulan menjadi bibit utama silangan anggrek di dunia.","Ada tiga jenis bunga di Indonesia yang ditetapkan sebagai bunga nasional melalui Keputusan Presiden RI Nomor 4 Tahun 2003 tentang Satwa dan Bunga Nasional, salah satunya adalah anggrek bulan Phalaenopsis amabilis. Anggrek bulan Phalaenopsis amabilis banyak dibudidayakan dan menjadi tanaman koleksi karena memiliki nilai ekonomi dan memiliki keunggulan pada bunganya. Bunga amabilis ini mampu bertahan cukup lama pada kondisi lingkungan yang bagus mampu bertahan sampai 2 bulan bahkan lebih. Ukuran bunga dengan diameter bunga antara 6-10 cm. Bagi pembudidaya anggrek, Phalaenopsis amabilis  ini seringkali dijadikan sebagai salah satu indukan, yang disilangkan dengan jenis anggrek bulan lainnya. Secara alami anggrek ini dapat mengeluarkan tunas-tunas baru pada ruas batangnya, selain itu juga dapat muncul tunas baru pada tangkai bunganya sehingga apabila sudah mengeluarkan akar dapat dipisahkan menjadi individu atau tanaman baru. Sebagai jenis anggrek spesies, Phalaenopsis amabilis  ini layak untuk dikoleksi karena memiliki bunga putih yang cantik saat bunganya mekar sempurna, dan kelebihan lainnya adalah lebih tahan terhadap perubahan cuaca dan penyakit."
Padma Raksasa,Rafflesia arnoldii,,"Padma raksasa (bahasa Latin: Rafflesia arnoldii) adalah tumbuhan parasit obligat yang terkenal karena memiliki bunga berukuran sangat besar, bahkan merupakan bunga terbesar di dunia ke-1. Bunga Rafflesia dikatakan bunga yang unik karena hanya berupa bunga mekar tanpa daun, akar dan tidak memiliki batang. Rafflesia memiliki jaringan yang mirip seperti fungsi akar yang disebut haustarium. Selain itu, Rafflesia tumbuh dan bergantung pada inang di jaringan tumbuhan merambat (liana) Tetrastigma dan tidak memiliki daun sehingga tidak mampu berfotosintesis. Tumbuhan inang yang akan membantu Raflessia untuk berfotosintesis.",Rafflesia arnoldii termasuk kedalam salah satu jenis dari sub-famili rafflesiaceae yang dilindungi PermenLHK Nomor P.106/MENLHK/SETJEN/KUM.1/12/2018 jenis ini juga dikenal sebagai Padma raksasa atau bunga terbesar di dunia.
Iris Kuning,Yellow Iris,,"Tumbuhan ini yang mempunyai bunga berwarna kuning cerah dengan corak hitam di bagian tengah (bentuknya seperti bunga anggrek). Tumbuhan ini berasal dari Afrika Barat dan Amerika Selatan, namun juga dapat ditemukan di Indonesia. Salah satu tempat persebarannya adalah Gunung Prau.","Umumnya, bunga iris dapat dimanfaatkan sebagai tumbuhan hias dalam ruang dan diperjualbelikan secara bebas. Tumbuhan ini merupakan salah satu jenis tumbuhan yang memiliki bentuk dan warna yang menarik dapat ditanam di dalam pot maupun di halaman rumah."
Teratai,Water Lily,,"Teratai (Nymphaea) adalah nama genus untuk tanaman air dari suku Nymphaeaceae. Dalam bahasa Inggris dikenal sebagai water-lily atau waterlily. Di Indonesia, teratai juga digunakan untuk menyebut tanaman dari genus Nelumbo (lotus). Bunga teratai merupakan bunga yang mampu hidup di atas air. Bunga yang juga dikenal dengan nama lotus ini banyak digunakan sebagai hiasan di kolam.","Bunga ini paling cocok untuk Anda tanam pada bulan-bulan musim semi. Mereka mudah tumbuh dan dapat menghasilkan bunga yang harum dan mewah saat musim panas, bulan Juni hingga Oktober. Tetapi, teratai terkenal dengan proses pertumbuhan yang lambat saat pertama kali Anda memulai menanamnya. Mereka juga membutuhkan kehangatan dan sinar matahari yang banyak untuk bisa berbunga."
Matahari,Sunflower,,"Bunga matahari (Helianthus annuus L.) adalah tumbuhan semusim dari suku kenikir-kenikiran (Asteraceae) yang populer, baik sebagai tanaman hias maupun tanaman penghasil minyak. Bunga tumbuhan ini sangat khas: besar, biasanya berwarna kuning terang, dengan kepala bunga yang besar (diameter bisa mencapai 30 cm). Bunga ini sebetulnya adalah bunga majemuk, tersusun dari ratusan hingga ribuan bunga kecil pada satu bongkol. Bunga Matahari juga memiliki perilaku khas, yaitu bunganya selalu menghadap / condong ke arah matahari atau heliotropisme. Orang Prancis menyebutnya tournesol atau ""pengelana Matahari"". Namun, sifat ini disingkirkan pada berbagai kultivar baru untuk produksi minyak karena memakan banyak energi dan mengurangi hasil.","Cara menanamnya yang tak sulit, membuat banyak dari sebagian orang ingin menanam tanaman ini. Namun sebelum menanam bunga ini kamu perlu untuk melakukan perawatan yang khusus bagi bunga satu ini agar bunga matahari tampak tumbuh dengan subur, dan berwarna cerah. Bentuknya yang cukup besar, dengan warnanya yang berwarna kekuningan tersebut mampu menarik perhatian. Tak hanya perhatian dari manusia saja, namun juga pada hewan, seperti serangga, hingga dengan burung. Bunga ini termasuk kedalam jenis tanaman heliotropik, yang memiliki arti bahwa pertumbuhan pada bunga matahari tersebut akan mengikuti pergerakan matahari."
Mawar,Rose,,"Mawar atau rose (Rosa) adalah tumbuhan perdu, pohonnya berduri, bunganya berbau wangi dan berwarna indah, terdiri atas daun bunga yang bersusun; meliputi ratusan jenis, tumbuh tegak atau memanjat, batangnya berduri, bunganya beraneka warna, seperti merah, putih, merah jambu, merah tua, dan berbau harum. Mawar liar terdiri dari 100 spesies lebih, kebanyakan tumbuh di belahan bumi utara yang berudara sejuk. Spesies ini umumnya merupakan tanaman semak yang berduri atau tanaman memanjat yang tingginya bisa mencapai 2 sampai 5 meter. Walaupun jarang ditemui, tinggi tanaman mawar yang merambat di tanaman lain bisa mencapai 20 meter.","Perawatan bunga mawar memerlukan perhatian khusus agar keindahannya dapat berkembang dengan optimal. Pertama, lokasi penanaman harus dipilih dengan bijak, mendapatkan sinar matahari yang cukup dan tanah yang memiliki drainase baik. Setelah ditanam, pemberian pupuk khusus mawar secara berkala menjadi kunci utama untuk menyediakan nutrisi yang diperlukan selama musim tumbuh. Penyiraman yang teratur, dilakukan pada pagi atau sore hari, menjaga tanah tetap lembab tanpa membahayakan akar dengan genangan air. Pemangkasan menjadi ritual terpenting, membentuk struktur tanaman dan merangsang pertumbuhan yang sehat. Terakhir, pemantauan terus-menerus terhadap tanda-tanda penyakit atau serangan hama memungkinkan pengambilan tindakan pencegahan yang tepat waktu, melibatkan penggunaan pestisida yang sesuai. Dengan perawatan yang cermat, bunga mawar tidak hanya mekar dengan kecantikan luar biasa, tetapi juga mencerminkan kasih sayang yang diberikan oleh tangan yang penuh perhatian."
Sepatu,Hibiscus,,"Bunga sepatu yang memiliki nama latin Hibiscus rosa-sinensis L yaitu sebuah tanaman hias yang seringkali tumbuh pada dataran rendah. Selain keindahan dari mahkotanya, bunga satu ini juga memiliki struktur layaknya sepatu yang menarik. Bunganya yang besar dan berwarna merah serta tidak memiliki aroma. Bunga sepatu ini terbagi kultivar dan hibrida yang dapat berupa bunga tunggal atau mahkota selapis. Bisa juga bunga ganda atau daun mahkota berlapis yang berwarna putih sampai kuning, orange sampai merah tua atau merah jambu. Bunga sepatu ini yang sangat identik dengan warna yang terang dan juga bermacam-macam. Selain itu, terdapat pula benang sari yang menonjol pada bagian tengahnya.","Perawatan bunga sepatu memerlukan pendekatan yang hati-hati untuk memastikan pertumbuhan yang subur dan penampilan yang memukau. Pertama-tama, pemilihan lokasi yang tepat sangat penting. Bunga sepatu lebih suka sinar matahari pagi atau naungan sepanjang hari untuk mencegah daun-daunnya terbakar. Tanah yang baik drainasenya dan kaya humus adalah kunci untuk pertumbuhan yang optimal. Setelah ditanam, penyiraman secara teratur menjadi elemen penting, terutama selama musim kemarau. Hindari genangan air, namun pastikan tanah tetap lembab. Pemberian pupuk organik atau pupuk khusus bunga sepatu setiap beberapa bulan membantu menjaga kesuburan tanah. Pemangkasan yang teratur diperlukan untuk mengontrol ukuran tanaman dan merangsang pertumbuhan tunas baru. Selain itu, perhatikan tanda-tanda penyakit atau serangan hama, dan segera ambil langkah-langkah pencegahan atau pengobatan yang diperlukan. Dengan perawatan yang teliti, bunga sepatu akan membalas dengan mekar indahnya, menciptakan lanskap yang mempesona."
Alpine Sea Holly,Eryngium alpinum,,"Tanaman Alpine Sea Holly umumnya mencapai tinggi sekitar 30–70 sentimeter (12–28 inci), dengan maksimum 100 sentimeter (39 inci). Daun basal berbentuk lonjong atau berbentuk hati. Bunga biru muncul pada bulan Juli hingga September. Batangnya tegak dan kuat.  Tanaman ini berasal dari Austria, Liechtenstein, Kroasia, Perancis, Swiss, Italia, dan Slovenia. Tumbuh di semak subalpine, daerah berbatu dan padang rumput basah, terutama di batu kapur, pada ketinggian 1.500–2.000 meter (4.900–6.600 kaki) di atas permukaan laut.  Bunga Eryngium alpinum menarik perhatian lebah madu dan lebah. Alpine Sea Holly dibudidayakan sebagai tanaman hias karena bunganya yang berwarna biru dan ungu. Ini membutuhkan tanah yang kering, memiliki drainase yang baik, dan sinar matahari penuh.","Tanaman sea holly mudah dirawat, asalkan Anda menyediakan kondisi tanah dan sinar matahari yang tepat. Anda sebaiknya menanam sea holly di tanah berpasir kering hingga sedang di lokasi yang mendapat sinar matahari penuh. Setelah ditanam, hanya perlu sedikit perawatan. Pembungaan untuk sebagian besar varietas dimulai pada pertengahan musim panas dan akan berlanjut hingga musim gugur.  Sea hollies memiliki akar tunggang yang dalam sehingga sulit dipindahkan, jadi pastikan untuk menempatkan tanaman di tempat yang dapat ditinggalinya dalam jangka panjang. Ini adalah pilihan yang bagus untuk semua tempat di taman yang tidak terjangkau oleh selang, atau untuk tempat yang lebih sulit, seperti sebidang rumput di antara trotoar dan jalan. Ia memiliki toleransi yang baik terhadap tanah asin, sehingga tumbuh dengan baik di taman pesisir."
Kuping gajah,Anthurium,,"Anthurium termasuk tanaman dari keluarga Araceae. Tanaman berdaun indah ini masih berkerabat dengan sejumlah tanaman hias populer semacam aglaonema, philodendron, keladi hias, dan alokasia. Dalam keluarga araceae, anthurium adalah genus dengan jumlah jenis terbanyak. Diperkirakan ada sekitar 1000 jenis anggota marga anthurium.
Tanaman ini termasuk jenis tanaman evergreen atau tidak mengenal masa dormansi. Dialam, biasanya tanaman ini hidup secara epifit dengan menempel di batang pohon. Dapat juga hidup secara terestrial di dasar hutan.
Daya tarik utama dari anthurium adalah bentuk daunnya yang indah, unik, dan bervariasi. Daun umumnya berwarna hijau tua dengan urat dan tulang daun besar dan menonjol. Sehingga membuat sosok tanaman ini tampak kekar namun tetap memancarkan keanggunan tatkala dewasa. Tidak heran bila tanaman ini memiliki kesan mewah dan eksklusif. Dimasa lalu, anthurium banyak menjadi hiasan taman dan istana kerajaan-kerajaan di Jawa. Konon, dipuja sebagai tanaman para raja.
Secara umum anthurium dibedakan menjadi dua yaitu jenis anthurium daun dan jenis anthurium bunga. Anthurium daun memiliki daya pikat terutama dari bentuk-bentuk daunya yang istimewa. Sedangkan anthurium bunga lebih menonjolkan keragaman bunga baik hasil hibrid maupun spesies. Biasanya jenis anthurium bunga dijadikan untuk bunga potong.","Untuk menjaga pertumbuhan dan pembungaan yang sehat, Anthurium membutuhkan cahaya terang dan tidak langsung, sebaiknya dari jendela yang menghadap ke timur atau barat dengan tirai tipis. Mereka tidak tahan terhadap sinar matahari langsung, dan paparannya dapat menyebabkan pemutihan pada daun. Kurangnya cahaya dapat menyebabkan tanaman tumbang, dengan dedaunan berwarna kuning atau pucat dan frekuensi mekar lebih jarang. Selalu pastikan untuk menilai kebutuhan penyiraman tanaman Anda setelah menerimanya. Sebelum memberi tanaman Anda minuman, sebaiknya periksa tingkat kelembapan tanah terlebih dahulu untuk memastikan tanah tidak lembab tepat di bawah permukaan. Alat pemeriksa tanah adalah alat yang sangat berguna untuk memeriksa kelembapan tanah jauh di dalam tanaman dan juga dapat digunakan untuk mengaerasi tanah yang terlalu basah.
Penyiraman secara teratur sangat penting bagi Anthurium untuk mempertahankan semangatnya. Mereka lebih menyukai tanah yang lembab tetapi tidak tergenang air, dengan sedikit waktu pengeringan di antara waktu penyiraman untuk mencegah pembusukan akar. Kelembapan yang baik juga penting bagi Anthurium, karena tanah mengering di tengah-tengah antara penyiraman penuh dan tulang kering sebelum disiram kembali. Frekuensi penyiraman sebaiknya disesuaikan berdasarkan suhu dan kelembaban lingkungan. Untuk meningkatkan tingkat kelembapan, menempatkan nampan kerikil berisi air di dekat tanaman atau menggunakan pelembab udara dapat membantu. Untuk pakan, Anthurium mendapat manfaat dari pupuk seimbang dan larut dalam air yang diformulasikan untuk tanaman berbunga. Selama musim tanam (musim semi dan musim panas), pemupukan sebaiknya dilakukan sebulan sekali sesuai petunjuk pabrik. Selama musim dorman (musim gugur dan musim dingin), pemupukan dapat dikurangi atau dihilangkan untuk menghindari pemupukan berlebihan. Pemupukan yang berlebihan dapat menyebabkan bercak kuning pada daun.
Seperti tanaman lainnya, Anthurium rentan terhadap hama dan penyakit. Anthurium sangat rentan terhadap tungau laba-laba, sisik, dan kutu putih. Mereka juga rentan terhadap busuk akar, yang dapat dicegah dengan menggunakan tanah yang memiliki drainase yang baik dan menghindari penyiraman yang berlebihan. Meskipun Anthurium biasanya ditanam di dalam ruangan, mereka dapat tumbuh subur di iklim hangat dan lembab jika ditanam di luar ruangan. Jika daerah tersebut memiliki musim dingin yang sejuk dan kelembapan tinggi, Anthurium dapat ditanam di luar ruangan sepanjang tahun dengan terlindung dari sinar matahari langsung dan hujan lebat. Di daerah beriklim dingin atau kering, Anthurium dapat ditanam di luar ruangan selama musim panas, namun sebaiknya ditanam di dalam ruangan atau diberi perlindungan selama musim gugur dan musim dingin."
Articok,Artichoke,,"Articok bulat (Cynara cardunculus var.scolymus ),juga dikenal dengan nama articok Prancis dan artichok hijau di AS, adalah variasi dari spesies rumput duri dibudidayakan sebagai makanan. Bagian tanaman yang dapat dimakan terdiri dari kuncup bunga sebelum bunga mekar. Kepala bunga artichok pemula adalah sekelompok banyak bunga kecil yang sedang tumbuh (perbungaan), dilapisi dengan banyak daun pelindung, dengan dasar yang dapat dimakan. Begitu kuncupnya mekar, strukturnya berubah menjadi bentuk yang kasar dan hampir tidak bisa dimakan. Sayuran ini tumbuh setinggi 1,4–2 m (4 kaki 7 inci – 6 kaki 7 inci), dengan daun melengkung, bercuping dalam, keperakan, hijau keabu-abuan 50–83 cm (19+1⁄2–32+1⁄2 inci ) panjang. Bunga berkembang di kepala besar dari kuncup yang dapat dimakan berdiameter sekitar 8–15 cm (3–6 inci) dengan banyak sisik segitiga; kuntum individu berwarna ungu. Bagian kuncup yang dapat dimakan terutama terdiri dari bagian bawah yang berdaging dari bracts involucral dan alasnya, yang dikenal sebagai jantung; massa kuntum yang belum matang di tengah kuncup disebut choke atau jenggot. Ini tidak bisa dimakan pada bunga yang lebih tua dan lebih besar","Setelah tanam, artichoke memerlukan perawatan dasar tertentu:

1. Air. Artichoke adalah tanaman yang menyukai air, jadi pastikan tanahnya tetap lembab (tetapi tidak basah kuyup) agar akarnya tidak stres.
2. Pupuklah tanah. Sebagai pemakan berat, artichoke menyukai tanah yang kaya bahan organik. Setidaknya sebulan sekali selama musim tanam, berikan pupuk tambahan pada tanah untuk memberikan nutrisi yang dibutuhkan tanaman Anda.
3. Persiapkan tanaman Anda untuk musim dingin. Tergantung pada iklim Anda, Anda mungkin perlu mempersiapkan tanaman artichoke untuk musim dingin dengan “menahan musim dingin”. Jika daerah Anda memiliki musim dingin yang sejuk dan suhunya tidak sampai di bawah 20 derajat Fahrenheit, tahan tanaman Anda di musim dingin dengan memotongnya mendekati permukaan tanah dan menutupinya (dengan sesuatu seperti mulsa, jerami, atau terpal) untuk melindunginya dari cuaca buruk. Jika daerah Anda menjadi lebih dingin, Anda perlu memasukkan tanaman ke dalam pot dan membawanya ke dalam ruangan atau cukup mencabut tanaman dan menanam yang baru pada musim semi berikutnya."
Azalea,Azalea,,"Saliyah atau Azalea adalah jenis tanaman berbunga dari keluarga Ericaceae dan genus Rhododendron yang tumbuh di wilayah beriklim sedang. Azalea tumbuh di sebagian besar Asia Timur dan Amerika Utara. Bunganya berkembang pada awal musim panas di bulan Juni dan pada musim gugur menggugurkan dedaunannya, terutama pada spesies Amerika. Spesies Azalea Asia memiliki daun yang hijau sepanjang tahun.
Azalea dikembangkan sebagai tanaman hias yang populer. Pada habitat liar, ia biasa tumbuh di hutan dan wilayah berawa. Warna bunganya bervariasi dari merah, kuning, putih, pink, dan ungu. Di Amerika Utara sendiri terdapat lebih dari 50 jenis spesies azalea.
Akar azalea dangkal dan hidup paling baik pada tanah asam yang subur di tempat yang agak teduh. Pada stamen azalea yang panjang terdapat kelopak bunga yang mengandung serbuk sari.","1. Air: jangan terlalu banyak, jangan terlalu sedikit. Selalu jaga kelembapan tanah di sekitar azalea dalam ruangan, tetapi jangan biarkan terendam air. Jangan pernah menyiram azalea dari atas. Hal yang sama berlaku untuk azalea taman, yang harus Anda sirami secara teratur selama musim kemarau.
2. Semakin dingin suhunya, semakin lama azalea mekar. Baik di dalam maupun di luar ruangan. Di dalam ruangan ia lebih menyukai suhu antara 15°C dan 22°C. Azalea japonica tumbuh subur di tempat sejuk di taman.
3. Suka sinar matahari, tapi hindari cahaya langsung. Tempat sempurna untuk menanam azalea adalah di semi-teduh atau teduh.
4. Tanah yang ideal: azalea menyukai tanah asam yang lembab dan kaya humus.
5. Potong bunga mati. Dalam waktu singkat, Anda akan memiliki tanaman yang terlihat lebih bagus.
6. Tidak perlu pupuk. Azalea merupakan tanaman yang kuat sehingga tidak perlu diberi pupuk tambahan"
Balloon Flower,Platycodon grandiflorus,,"Platycodon grandiflorus adalah jenis tanaman berbunga tahunan dari keluarga Campanulaceae dan satu-satunya tanaman dari genus Platycodon. Spesies ini sering disebut sebagai platycodon, bunga lonceng cina, kadang-kadang juga bunga lonceng jepang, atau hanya disebut dengan bunga balon. Tanaman ini adalah asli berasal dari Asia Timur (Tiongkok, Korea, Jepang, dan Siberia Timur) dan menghasilkan bunga yang berwarna biru dan besar, meskipun ada variasi putih dan merah muda bunga dalam hasil budidaya. Di Korea, bunga yang putih lebih umum.
Akar spesies tanaman ini digunakan secara luas sebagai obat anti melepuh saat penyembuhan batuk dan demam; di Korea tanaman disebut doraji (도라지) dan akarnya, kering atau segar, adalah bahan salad dalam kuliner tradisional. Namun, doraji (Bunga lonceng cina) berbeda dengan bunga lonceng korea. Bunga lonceng cina (桔梗) digunakan dalam pengobatan tradisional Tionghoa. Tanaman ini juga terkenal sebagai tanaman kebun atau taman.","1. Siram dengan baik sepanjang musim panas.

2. Potong batang bunga yang sudah habis untuk mendorong musim mekar yang lebih panjang. Pada akhir musim tanam biarkan tanaman mati sedikit sebelum dipangkas hingga ke permukaan tanah.

3. Pupuk setiap tahun di Musim Semi dengan pupuk lengkap.

4. Lebih suka dibiarkan tidak diganggu pada posisinya.

5. Karena tanamannya cukup tinggi, tanaman mungkin memerlukan dukungan, jadi gunakan lingkaran yang memungkinkan tanaman tumbuh melaluinya atau sesuatu yang serupa.

Waspadai siput dan siput."
Barberton Daisy,Gerbera jamesonii,,"Gerbera jamesonii adalah spesies dari tanaman berbunga, dan sebagai  pada tahun 1889. Majalah Botani Curtis dalam J. D. Hooker. Ini adalah spesies Gerbera pertama yang menjadi subjek deskripsi ilmiah, dipelajari oleh Afrika di Rooigousblom atau Barbertonse madeliefiebunga aster transvaal ,Barberton daisy Tanaman ini berasal dari Afrika Tenggara. Asteraceae dalam famili besar suku yang termasuk dalam Gerberagenus","1. Suhu: Suhu rata-rata 55 – 75°F (13 – 24°C) cocok.
2. Cahaya: Pencinta sinar matahari langsung dan kusen jendela yang terang. Tempatkan di dekat jendela yang menghadap ke selatan, timur atau barat untuk memberikan sinar matahari yang cukup.
3. Penyiraman: Yang terbaik adalah menjaga tanah tetap lembab setiap saat. Setelah tanah menjadi sedikit kering saat disentuh, segera berikan air atau tanaman akan mulai layu dengan cepat.
4. Tanah: Disarankan campuran pot berbahan dasar gambut dengan 2 bagian gambut dan 1 bagian perlit.
5. Pupuk: Saat berbunga, beri makan dengan pupuk cair seimbang setiap 2 minggu sekali.
6. Kelembapan: Gerbera memiliki tingkat kelembapan di atas rata-rata, meskipun tingkat kelembapan rata-rata baik-baik saja."
Bee Balm,Monarda,,"Monarda adalah genus tumbuhan berbunga dalam keluarga mint, Lamiaceae.[3] Genus ini endemik di Amerika Utara. Nama umum termasuk bergamot, bee balm, horsemint, dan teh oswego, yang pertama terinspirasi oleh aroma daunnya, yang mengingatkan pada jeruk bergamot (Citrus bergamia). Genus ini dinamai ahli botani Spanyol Nicolás Monardes, yang menulis sebuah buku pada tahun 1574 yang menjelaskan tumbuhan di Dunia Baru.","Tanam di tanah yang lembab, memiliki drainase yang baik, dan subur; balsam lebah tidak dapat tumbuh dengan baik di tanah yang basah atau kering. Menambahkan lapisan mulsa membantu mempertahankan kelembapan pada tanah yang cenderung mengering.
Berikan banyak sinar matahari penuh pada balsam lebah, meskipun balsem lebah dapat tumbuh di tempat teduh parsial, terutama di daerah dengan panas terik di musim panas.
Aliran udara yang baik penting untuk menghindari masalah embun tepung, penyakit umum yang diketahui menyerang balsam lebah."
Bird of Paradise,Strelitzia,,"Strelitzia adalah genus dari lima spesies tanaman tahunan, asli Afrika Selatan. Ia tergolong dalam keluarga tumbuhan Strelitziaceae. Nama umum genusnya adalah bunga/tanaman cendrawasih, karena kemiripan bunganya dengan cendrawasih. Di Afrika Selatan, bunga ini biasa dikenal dengan bunga bangau.

Dua spesiesnya, S. nicolai dan S. reginae, sering ditanam sebagai tanaman hias. Ini adalah lambang bunga Kota Los Angeles dan ditampilkan di bagian belakang koin 50 sen Afrika Selatan.","CAHAYA
Burung Cendrawasih dapat menangani cahaya langsung dan tidak langsung yang terang. Namun, tanaman ini akan tumbuh subur di tempat yang cerah dan terkena sinar matahari langsung. Jika Anda merasa tidak memiliki tempat dengan cukup cahaya, coba gunakan lampu tumbuh.

 AIR
Sirami Burung Cendrawasih Anda saat volume tanah sudah 50% kering. Siram sampai cairan mengalir melalui lubang drainase di dasar pot dan buang air yang terkumpul di piring.

 KELEMBABAN
Burung Cendrawasih lebih menyukai lingkungan yang lembab. Tambahkan nampan kerikil atau pelembab udara di dekatnya jika Anda melihat tepi daun yang renyah.

 SUHU
Suhu dalam ruangan rata-rata 65-80°F adalah yang terbaik untuk Burung Cendrawasih.

 MAKANAN
Selama musim semi dan musim panas, beri pupuk sebulan sekali dengan pupuk serba guna. Tidak diperlukan pupuk selama musim dingin ketika pertumbuhan tanaman melambat secara alami."
Dahlia,Bishop of Llandaff,,"Dahlia 'Bishop of Llandaff' adalah salah satu dahlia tunggal terbaik yang ada, dari mana banyak dahlia 'Bishop' telah dibiakkan. Ia memiliki dedaunan hijau perunggu tua dan bunga merah cerah yang kontras, tunggal hingga semi-ganda. Ia berbunga hingga musim dingin pertama, dan sifat tunggal mekarnya yang terbuka membuatnya menarik bagi lebah. Ini sempurna untuk memotong. Royal Horticultural Society telah memberinya Award of Garden Merit (AGM).

Tumbuhkan Dahlia 'Bishop of Llandaff' di depan perbatasan yang cerah, di tanah yang lembab namun memiliki drainase yang baik. Setelah embun beku pertama, potong bagian atas, gali umbinya dan biarkan kering selama tiga minggu. Tahan musim dingin di tempat yang sejuk dan bebas embun beku, dan tanam kembali pada musim semi berikutnya. Alternatifnya, tanam dahlia dalam pot dan pindahkan ke dalam ruangan pada musim gugur.","Tumbuhkan Dahlia 'Bishop of Llandaff' di depan perbatasan yang cerah, di tanah yang lembab namun memiliki drainase yang baik. Setelah embun beku pertama, potong bagian atas, gali umbinya dan biarkan kering selama tiga minggu. Tahan musim dingin di tempat yang sejuk dan bebas embun beku, dan tanam kembali pada musim semi berikutnya. Alternatifnya, tanam dahlia dalam pot dan pindahkan ke dalam ruangan pada musim gugur."
Brojo lintang,Iris domestica,,"Brojo lintang yang sering disebut juga dengan Bunga Jamaka termasuk kedalam keluarga iridaceae.[2] Beberapa ahli taksonomi mengkategorikan kembali brojo lintang menjadi bagian dari Iris sehingga ia berganti nama menjadi Iris domestica.[3] Terdapat lima subspesies dari brojo lintang yang dikonsumsi oleh penduduk asli Amerika, mereka menggali umbinya dan mengkonsumsinya sebagai makanan sehari-hari.[4] Brojo lintang berasal dari daerah Jepang, India, dan Indocina serta disebarkan ke wiayah Amerika Utara","Tanam di lokasi dengan banyak sinar matahari dan tanah yang memiliki drainase yang baik.
Saat menanam rimpang telanjang, beri jarak sekitar 3 hingga 4 inci (6 hingga 9 per kaki persegi) dan kedalaman 5 inci.
Siram dengan baik sampai terbentuk. Setelah itu, berikan kelembapan secukupnya namun teratur dan hindari penyiraman berlebihan.
Pasangkan tangkai bunga yang panjang jika perlu untuk mencegahnya tertiup angin di lokasi yang terbuka."
Black-eyed Susan,Rudbeckia hirta,,"Rudbeckia hirta, biasa disebut Susan bermata hitam, adalah tanaman berbunga Amerika Utara dalam keluarga Asteraceae, asli Amerika Utara Bagian Timur dan Tengah dan dinaturalisasi di benua bagian Barat serta di Cina. Sekarang penyakit ini telah ditemukan di 10 Provinsi Kanada dan 48 negara bagian di Amerika Serikat.
Rudbeckia hirta adalah bunga negara bagian Maryland","CAHAYA
Anda akan mendapatkan bunga terbaik dari Susans bermata hitam Anda di bawah sinar matahari penuh, tetapi mereka dapat menangani naungan parsial.

TANAH
Susan yang bermata hitam tidak terlalu peduli dengan tanah. Mereka tumbuh subur di tanah yang tidak terlalu subur dan memiliki drainase yang baik, dengan pH sekitar 6,8.

AIR
Jaga agar tanaman tetap disiram dengan baik pada musim pertama agar tanaman tumbuh subur—satu inci per minggu melalui curah hujan atau irigasi sudah cukup. Setelah terbentuk, mereka akan tahan kekeringan.

SUHU DAN KELEMBAPAN
Sebagai tanaman yang tahan musim panas, tanaman ini menyukai suhu hangat 60 derajat Fahrenheit atau lebih. Tanaman ini mampu mengatasi kekeringan dan kelembapan dengan baik, namun memerlukan sirkulasi udara yang baik untuk menghindari embun tepung.

PUPUK
Bersikaplah lembut terhadap pupuk. Susans bermata hitam tumbuh bahkan di tanah yang buruk dan tidak subur. Mereka hanya membutuhkan kompos saja."
Blanket Flower,Gaillardia,,"Gaillardia adalah jenis tanaman berbunga dari keluarga bunga Matahari (Asteraceae atau Compositae) yang menyerupai tanaman daisy dengan warna bunga kuning atau merah. Disebut juga blanketflower atau firewheel. Tanaman gaillardia berasal dari Amerika Serikat bagian barat dan tengah. Beberapa spesiesnya dapat tumbuh sampai 91 cm. Tanaman ini dapat bertahan semusim, dua musim atau tahunan, tergantung dari jenisnya.","CAHAYA
Tanaman ini tumbuh subur di bawah sinar matahari penuh. Bunga selimut dapat tahan terhadap naungan parsial, terutama di iklim panas, tetapi bunga ini akan menjadi agak terkulai dan tidak akan berbunga sebanyak itu.

TANAH
Gaillardia lebih menyukai tanah yang buruk. Jangan mengubahnya dengan bahan yang kaya atau pemupukan yang berlebihan. Ini tidak terlalu memperhatikan pH tanah, tetapi membutuhkan tanah yang memiliki drainase yang baik. Ia akan tumbuh dalam kondisi agak lembab, tetapi tanah liat yang berat mungkin akan mematikannya.

AIR
Segera setelah penanaman, sirami banyak air untuk mendorong perkembangan akar yang baik. Periksa tanah sesering mungkin (dua hari sekali) untuk memastikan tanah lembab tetapi tidak basah satu inci di bawah garis tanah. Setelah terbentuk, Gaillardia sangat toleran terhadap kekeringan. Tanaman ini tidak perlu disiram kecuali kondisinya sangat panas dan kering, maka yang terbaik adalah menyirami bedengan sekali atau dua kali seminggu. Hindari menyiram secara berlebihan.

SUHU DAN KELEMBAPAN
Bunga selimut tumbuh subur di bawah sinar matahari penuh dan tahan terhadap suhu musim panas. Mereka tidak memerlukan lingkungan lembab dan tumbuh lebih baik di iklim panas dan kering dibandingkan iklim sejuk dan lembab. Di daerah beriklim dingin, lindungi bunga selimut musim dingin Anda dengan lapisan mulsa yang tebal.

PUPUK
Tanah yang buruk tampaknya mendorong lebih banyak pembungaan dibandingkan tanah yang subur, jadi kurangi (atau hindari) pemberian pupuk."
Bolero Deep Blue,Eustoma russellianum,,"Eustoma russellianum adalah spesies tumbuhan berbunga dalam keluarga gentian. Salah satu nama binomial sebelumnya adalah Eustoma grandiflorum.Nama-nama umum termasuk gentian padang rumput yang mencolok, gentian padang rumput, bluebell Texas, bluebell Texas, bluebell, dan Lisianthus.",
Bunga kertas,Bougainvillea,,"Bunga kertas atau bugenvil adalah tanaman hias populer. Bentuknya berupa pohon kecil yang sukar tumbuh tegak. Keindahannya berasal dari seludang bunganya yang berwarna cerah dan menarik perhatian karena tumbuh dengan rimbunnya. Seludang bunga ini kerap dianggap sebagai bagian bunga, walaupun bunganya yang benar adalah bunga kecil yang terlindung oleh seludang. Seludang ini mengandung zat yang baik untuk kesehatan. Adib Nurdiyanto, warga Bojonegoro mengolah seludang bunga Bougenville ini menjadi minuman herbal.
Bunga kertas mempunyai bagian tanaman yang berwarna-warni. Oleh karena itu, bunga kertas menjadi tanaman hias yang sangat populer karena kecantikkan warnanya dan cara merawatnya yang mudah.","CAHAYA
Hal terpenting untuk diingat adalah bugenvil Anda membutuhkan setidaknya enam jam atau lebih sinar matahari langsung per hari. Itu tidak akan mekar di sebagian tempat teduh atau teduh.

TANAH DAN AIR
Bunga bugenvil tumbuh subur di tanah yang tidak subur, tetapi tidak suka basah. Jika tanaman Anda ditanam di tanah, pastikan area tersebut memiliki drainase yang baik sehingga air tidak menggenang. Kalau di dalam pot, jangan gunakan tatakan di bawahnya agar tanaman bisa terkuras habis saat disiram. Minumlah hanya jika tanah sudah mengering, lalu sirami sedalam-dalamnya.

PUPUK
Bougainvillea adalah tanaman yang suka makan berat, jadi berilah makan secara teratur dengan pupuk berimbang untuk keperluan umum (10-10-10). Namun, beberapa ahli merekomendasikan penggunaan pupuk yang diformulasikan khusus untuk tanaman ini karena tanaman ini memiliki sistem akar halus yang bekerja paling baik saat menerima unsur hara mikro tertentu, seperti zat besi."
Bromelia,Bromelia,,"Bromelia adalah kelompok tanaman yang bernaung di bawah keluarga Bromeliaceae yang terdiri atas sekitar 3000 spesies dan ratusan hingga ribuan hibrida. Asal muasal tanaman yang salah satunya adalah nanas yang berasal dari Amerika. Tercatat hanya satu yang habitat nya di Afrika, yaitu Pitcairnia feliciana.","Bromeliad kuat dan sangat mudah perawatannya. Mereka akan memberi Anda kesenangan luar biasa selama rata-rata 3 – 6 bulan. Letakkan Bromeliad Anda di tempat yang terang (tidak terkena sinar matahari penuh) dan sirami secara teratur (ke kelopak tanaman) dan itu akan sangat menyenangkan. Tidak perlu menambahkan pakan tanaman ke dalam air.
Jika Anda benar-benar ingin memanjakan Bromeliad Anda di hari yang sangat hangat, bulatkan salsa dengan semprotan air, atau masukkan pot bagian luar ke dalam mangkuk berisi air agar air dapat menguap perlahan di sekitar tanaman. Di iklim dalam ruangan, Bromeliad mengambil air dan makanan dari udara dengan cara yang persis sama seperti di alam liar."
Buttercup,Ranunculus,,"Ranunculus, buttercups. Anggota genus ini dikenal sebagai Ranunculaceae dalam keluarga berbunga tanaman dari spesies yang berasal dari sekitar tahun 1700 hingga lebih dari 1800 genus besar adalah
Genus ini tersebar di Eropa, Amerika Utara, dan Amerika Selatan. Tanaman buttercup yang familiar dan tersebar luas di taman di seluruh Ranunculus acris. gulma. Di taman hias, ketiganya sering dianggap sebagai dan kupu-kupu padang rumput yang jauh lebih tinggi Ranunculus bulbosus yang menjalar, yang sangat akar yang kuat dan ulet. Dua spesies lainnya juga tersebar luas, yaitu kupu-kupu bulat Ranunculus repens (dan diperkenalkan di tempat lain) adalah tanaman buttercup Eropa Utara","Tanaman buttercup segar beracun bagi hewan penggembala, yang dapat menderita air liur, iritasi kulit, lecet, gangguan perut, peradangan, dan diare. Untungnya, buttercup memiliki rasa yang kuat dan pahit sehingga hewan biasanya menghindarinya jika tersedia makanan yang lebih enak. Selain itu, toksin protoanemonin tidak terlalu stabil dan kehilangan potensinya saat dikeringkan, sehingga buttercup umumnya tidak beracun pada jerami. Sayangnya, ternak kadang-kadang menyukai buttercup dan mengonsumsinya dalam jumlah yang fatal. Cara paling aman adalah mengendalikan populasi buttercup di padang rumput yang digembalakan dan menawarkan banyak makanan sehat."
Californian Poppy,Eschscholzia californica,,"Eschscholzia californica, Poppy California, poppy emas , Sinar matahari California atau cangkir emas, merupakan spesies dari tanaman berbunga di pada tahun 1903. California resmi bunga negara bagian. Bunga ini menjadi hiasan yang berbunga di musim panas (musim semi di Australia bagian selatan), dengan bunga berbentuk cangkir yang mencolok dalam nuansa merah, oranye, dan kuning cemerlang. (kadang-kadang merah muda dan putih). Ini juga digunakan sebagai makanan atau tanaman hias di Amerika Serikat dan Meksiko. Tanaman ini dibudidayakan sebagai asli, Papaveraceaekeluarga","1. Tumbuh di bawah sinar matahari penuh dengan setidaknya enam jam sinar matahari; lebih banyak lebih baik.
2. Tanam di tanah berpasir dan memiliki drainase yang baik; tidak memerlukan pupuk atau tanah yang diperkaya.
3. Siram secara sporadis; hanya membutuhkan air sesekali.
4. Tidak aktif pada suhu yang sangat panas, tetapi dapat mekar kembali setelah suhu menjadi dingin.
5. Deadhead untuk mekar lebih banyak atau biarkan untuk disemai kembali untuk musim tanam berikutnya."
Kamelia,Camellia,,"Camellia adalah sebuah genus tanaman berbunga dalam famili Theaceae (Suku teh-tehan). Genus tanaman ini dapat ditemukan di daerah tropis dan subtropis di Asia Timur dan Asia Selatan, serta dari timur Himalaya menuju Jepang dan Indonesia. Ada lebih dari 220 spesies tanaman dalam genus ini yang telah dideskripsikan. Di dalam genus tanaman ini terdapat beberapa jenis tanaman penghasil bunga Kamelia yang biasa digunakan sebagai tanaman hias, dan juga tanaman teh (Camellia sinensis) yang merupakan bahan baku pembuatan minuman Teh.","Perawatan Camellia cukup sederhana; tanam di tempat teduh hingga sebagian terkena sinar matahari (matahari pagi, teduh sore) dengan tanah yang subur. Saat tanaman sudah dewasa dan kanopi memberikan keteduhan pada akar, mereka dapat menerima lebih banyak sinar matahari. Camelia menyukai kelembapan yang cukup dan tanah yang memiliki drainase yang baik. Siram selama kondisi kering untuk mendorong pertumbuhan baru. Camelia tidak tumbuh dengan baik jika ditanam terlalu dalam. Tanam 1-2 inci di atas permukaan tanah sekitarnya, miringkan tanah hingga ke sisi bola akar yang terbuka. Jangan menutupi bola akar dengan tanah; mulsa di sekitar tanaman, dengan lapisan tipis di atas bola akar; sirami dengan baik setelah tanam."
Bunga tasbih,Canna Lily,,"Bunga tasbih adalah tanaman yang tergolong tanaman luar dengan nama latin Canna lily. Tanaman ini biasanya tumbuh di hutan dan pegunungan walau tak jarang dijadikan tanaman hias di pekarangan dan taman kota, karena memiliki bunga yang mempesona. Dan ternyata dibalik pesona aneka warnanya bunga kana memiliki daya penyembuhan yang luarrr biasa. Bunga kana atau bunga tasbih berasal dari daerah tropis benua Amerika. Tumbuhan ini mampu hidup di dataran rendah hingga ketinggian 1.000 m di atas permukaan laut. Tumbuhan ini tumbuh besar, tegak, dengan tinggi mencapai dua meter. Tanaman ini memiliki rimpang tebal menyerupai ubi. Daunnya besar dan lebar, menyirip jelas. Warnanya hijau atau merah tengguli. Bunganya besar dengan warna-warna cerah, seperti merah, merah muda, dan kuning yang tersusun dalam bentuk tandan.","CAHAYA
Ganja tumbuh paling baik di bawah sinar matahari penuh. Ini berarti mereka mungkin membutuhkan lebih banyak air di iklim yang sangat panas, namun mereka membutuhkan panas untuk memacu pertumbuhannya. Di daerah terpanas, naungan sore hari membantu bunga bertahan lebih lama.

TANAH
Tanam ganja di tanah yang subur dan lembab, idealnya dengan pH tanah yang sedikit asam hingga netral.

AIR
Ganja membutuhkan air yang konsisten dan tanah yang lembab secara merata. Sering-seringlah menyiram, terutama saat cuaca sangat panas. Air yang tidak mencukupi akan menyebabkan daun robek atau retak.

SUHU DAN KELEMBAPAN
Mekar tergantung pada iklim dan cuaca. Di daerah dengan mata air sejuk, pertumbuhan tanaman mungkin lambat. Menanamnya di dalam ruangan, sebelum rata-rata tanggal beku terakhir, dan memindahkannya saat sudah tumbuh, akan membantunya mekar lebih awal. Sebagai tanaman tropis, ganja lebih menyukai udara lembap namun tahan terhadap kekeringan relatif, terutama jika disiram dengan baik.

PUPUK
Selain membutuhkan banyak air, ganyong merupakan tanaman yang lapar, meski menyimpan sejumlah makanan di rimpangnya. Beri mereka makan di awal musim semi dan pertengahan musim panas, menggunakan pupuk berimbang. Untuk jumlahnya, ikuti petunjuk label produk."
Cantebury Bells,Campanula medium,,"Campanula Medium, nama umum Canterbury Bells, merupakan tumbuhan berbunga tahunan atau dua tahunan dari genus Campanula, yang termasuk dalam famili Campanulaceae. Dalam floriografi, ini melambangkan rasa syukur, atau keyakinan dan keteguhan.","CAHAYA
Lonceng Canterbury berbunga paling baik bila terkena sinar matahari penuh selama empat hingga enam jam setiap hari. Mereka dapat tumbuh di bawah sinar matahari parsial, tetapi sinar matahari penuh adalah yang ideal.

TANAH
Lonceng Canterbury membutuhkan tanah yang memiliki drainase yang baik namun lembab. Tanahnya harus lempung atau berpasir, dan tingkat pH dapat diterima dalam rentang yang luas, dari netral hingga basa. Namun, mendekati netral adalah pilihan yang ideal.

AIR
Anda harus menyirami lonceng Canterbury secara teratur selama musim tanam, tetapi pastikan untuk tidak menyiramnya secara berlebihan. Mereka akan mati jika terjadi kekeringan atau banjir, jadi menjaga retensi kelembapan yang baik sangatlah penting.

SUHU DAN KELEMBAPAN
Lonceng Canterbury bekerja paling baik di iklim sejuk. Jika Anda tinggal di daerah yang sangat panas, berikan naungan pada tanaman Anda. Cuaca musim panas yang sejuk sangat ideal untuk lonceng Canterbury, dan suhu di atas 28°C dapat membahayakan kesehatan tanaman Anda.

PUPUK
Pupuk lonceng Canterbury Anda di musim semi dengan pupuk bernutrisi seimbang. Direkomendasikan pupuk NPK rendah nitrogen 5-10-5. Siram tanah setelah pemupukan agar pupuk sampai ke akar tanaman. Anda dapat mencampurkan kompos ke dalam tanah untuk meningkatkan kesuburan dan memperbaiki drainase tanah."
Cape Flower,Nerine bowdenii,,"Cape Flower adalah spesies tumbuhan berbunga dalam keluarga Amaryllidaceae. Ini adalah tanaman tahunan berumbi herba, tumbuh hingga 2 kaki dengan daun berbentuk tali dan umbel besar bunga merah muda seperti lily di musim gugur ketika hampir tidak ada bunga lain yang mekar. Bunga berwarna merah jambu laba-laba ini bisa tampil menonjol jika ditanam dalam rumpun yang rapat sebagai akhir musim tanam yang penuh warna. Ini toleran terhadap kekeringan tetapi membutuhkan kelembapan selama musim tanam. Tanaman ini bagus untuk digunakan di bedengan, kebun potong, taman batu, dan ditanam di sepanjang perbatasan. Mereka juga dapat ditanam sebagai tanaman kontainer atau ditanam di dekat teras untuk menikmati warna di hari-hari hangat terakhir musim gugur.","Tanam Nerine Bowdenii di area taman yang cerah dan hangat dengan tanah yang lembab dan memiliki drainase yang baik di mana ia akan tumbuh subur dan berkembang, dari tahun ke tahun. Untuk melindungi tanaman dari musim dingin, pastikan untuk membuat mulsa setelah selesai berbunga. Pastikan menanam di tempat yang benar, Nerine, seperti banyak tanaman keras lainnya, tidak suka dipindahkan terlalu sering. Setelah bertahun-tahun tumbuh, jangan tergoda untuk mengangkat dan membagi tanaman karena tanaman cenderung padat dan tumbuh lebih baik."
Carnation,Dianthus caryophyllus ,,"Anyelir, atau dikenal dalam bahasa Inggris sebagai carnation, mempunyai nama ilmiah Dianthus caryophyllus adalah tanaman hias pekarangan dan pot yang populer. Tanaman ini berasal dari kawasan Mediterania. Bunga anyelir memiliki warna yang terang dan berwarna-warni, sehingga sering digunakan sebagai hiasan. Ada dua jenis tanaman anyelir yaitu jenis satu bunga bagi setiap tangkai dan jenis `spray', banyak bunga pada setiap tangkai.","CAHAYA
Meskipun tumbuh subur di bawah sinar matahari penuh, anyelir baik-baik saja di tempat teduh parsial. Terlalu banyak sinar matahari sore yang cerah dapat menyebabkan kelopak bunga anyelir yang berwarna cerah memudar. Tanam anyelir Anda di tempat yang mendapat sinar matahari pagi, jika memungkinkan, agar bunganya terlihat segar dan warnanya cerah.

TANAH
Anyelir membutuhkan drainase yang baik dan tanah basa, yang juga disebut sebagai tanah ""manis"". Tanah alkali cenderung memiliki konsentrasi kalsium, magnesium, dan natrium yang sedikit lebih tinggi. Jika tanah Anda cenderung asam, menambahkan sedikit jeruk nipis saat menanam anyelir akan menjadi awal yang baik.

AIR
Dianthus carophyllus relatif toleran terhadap kekeringan tetapi mereka membutuhkan air secara teratur di musim semi ketika kuncup bunganya sedang terbentuk. Selama musim kemarau di musim panas, mereka mungkin memerlukan tambahan air minum. Siram di pangkal tanaman. Namun, berhati-hatilah agar tidak terlalu banyak air, karena daunnya akan menguning dan kelopak bunganya akan terkulai atau rontok.

SUHU DAN KELEMBAPAN
Anyelir menyukai lingkungan yang hangat, tetapi akan layu jika cuaca sangat panas. Mereka tumbuh subur pada kelembapan rendah. Namun, sedikit percikan air dingin saat cuaca sangat panas dapat membantu mendinginkannya sedikit.

PUPUK
Anyelir yang baru tumbuh bisa mendapatkan keuntungan dari sedikit pupuk slow release. Pupuk quick-release dapat membakar tanaman. Pemupukan yang berlebihan dapat menyebabkan akar anyelir mengerut, sehingga dapat memicu terjadinya pembusukan akar."
Jahe Himalaya,Cautleya Spicata,,"Cautleya spicata adalah tanaman tahunan tanaman herba di keluarga Zingiberaceae (jahe). Ditemukan di Himalaya hingga Tiongkok ( Yunnan). Ini dibudidayakan sebagai tanaman hias taman, tahan hingga beberapa derajat beku.","C. spicata (seperti Hedychium) tumbuh paling baik di tepi herba yang teduh atau sebagai rumpun di taman hutan di tempat lembab atau dekat air. Rimpang tidak boleh dibiarkan mengering dan, meskipun tanaman ini sangat kuat, sebaiknya rimpang dibuat mulsa selama musim dingin untuk membantu menjaga tingkat kelembapan selama musim panas.
C. spicata menghasilkan duri kaku dari dua bunga kuning berbibir dari daun hijau kemerahan atau merah marun. Oleh karena itu, struktur bunganya sendiri sedikit berbeda dengan bunga lili Jahe (Hedychium). Lonjakan bunga bisa setinggi 2-3 kaki dan benih darinya dapat disemai di awal musim semi dengan hati-hati untuk menjauhkan siput dan siput dari daun yang, bagi mereka, sangat menarik."
Clematis,Clematis,,"Clematis adalah genus dari sekitar 300 spesies jika ditinjau dari bahasa biologi. Genus ini masuk sebagai famili ranunculaceae atau buttercup. Jenisnya sendiri sangat beragam, namun sebagian besar merupakan tanaman yang tumbuh dengan cara merambat. Daun clematis memanjat penyangga dan membungkusnya dengan tangkai, sehingga banyak dijadikan sebagai hiasan di pagar.
Clematis sendiri pertama kali ditemukan sekitar tahun 1569 di negara Inggris. Kebanyakan jenis clematis ditemukan di negara yang memiliki empat musim, yaitu di daerah belahan bumi bagian utama. Sementara di daerah yang mempunyai iklim tropis seperti Indonesia, jenis clematis yang tersebar lebih sedikit.","AIR
Clematis yang baru ditanam perlu disiram secara teratur selama tumbuh. Semua clematis perlu disiram selama musim panas dan kering. Perendaman menyeluruh dan dalam seminggu sekali lebih baik daripada menyiram sedikit tapi sering.

PUPUK
Beri makan clematis Anda setiap tahun di akhir musim dingin atau awal musim semi, tetapi tunda pemupukan saat berbunga karena hal ini dapat memperpendek periode pembungaan. Sebarkan pupuk slow release kaya kalium di sekitar pangkal tanaman dan gunakan mulsa bahan organik seperti jamur daun atau kompos.

POSISI
Clematis adalah salah satu pemanjat yang paling mencolok dan mereka membutuhkan dukungan untuk berebut, jadi pertimbangkan di mana posisinya dengan hati-hati. Anda dapat mengubah pergola atau dinding, atau menjadi lebih berani dan menanamnya melalui pohon.

Ikat tanaman dengan kuat ke rangka, karena tanaman tersebut – pada kemiringan penuh – akan membawa banyak beban.

Clematis tipe viticella yang berbunga di akhir musim panas (biasanya kelompok 3) memerlukan pelatihan dan bimbingan di atas semak dan mawar panjat untuk memaksimalkan dampaknya. Tanpa hal ini mereka cenderung membuat sarang yang padat. Sebarkan batang pada penyangga atau rangkanya, ikat dengan tali fleksibel lembut atau putaran kacang manis saat Anda melakukannya.

PEMOTONGAN
Mematikan beberapa clematis akan mendorong pembungaan lebih lanjut, tetapi beberapa hanya menghasilkan satu bunga saja.

PENYEBARAN
Clematis dapat diperbanyak dengan stek, layering dan menabur benih."
Colt Foot,Tussilago farfara,,"Tussilago farfara, umumnya dikenal sebagai coltsfoot, adalah tumbuhan dalam suku Senecioneae dalam keluarga Asteraceae, asli Eropa dan sebagian Asia barat dan tengah. Nama ""tussilago"" berasal dari bahasa Latin tussis, artinya batuk, dan ago, artinya melemparkan atau bertindak. Ini telah digunakan dalam pengobatan tradisional, namun penemuan alkaloid pirolizidin beracun di tanaman telah mengakibatkan masalah kesehatan hati.
Tussilago farfara adalah satu-satunya spesies yang diterima dalam genus Tussilago, meskipun lebih dari dua lusin spesies lain pernah dianggap sebagai bagian dari kelompok ini. Kebanyakan dari mereka kini dianggap sebagai anggota genera lain (Chaptalia, Chevreulia, Farfugium, Homogyne, Leibnitzia, Petasites, Senecio).","LOKASI
Coltsfoot adalah tanaman musim semi yang sangat hemat untuk lokasi lembab. Di alam, tanaman ringan ini tumbuh di pinggir jalan, di tepi sungai, dan bahkan di lokasi konstruksi. Ramuan ini menyukai tanah yang lembab hingga basah di tempat yang cerah hingga sebagian teduh. Idealnya adalah budidaya di tempat teduh parsial.

TANAG
Tanah liat yang dicampur dengan pasir atau kerikil halus sangat cocok. Budidaya dalam pot juga dimungkinkan, asalkan menggunakan tanah bebas gambut dan sedikit pasir.

PEMUPUKAN
Sebagai pupuk air kolam sangat baik. Tentu saja, di musim dingin, penyiraman harus dilakukan pada hari-hari bebas es.

PENYIRAMAN
Di lokasi yang cerah, harus selalu diperhatikan agar tanah tetap lembab. Oleh karena itu, penyiraman secara teratur, sebaiknya di pagi hari, agar tanaman tidak terbakar atau menguap terlalu banyak kelembapan, sangatlah penting."
Columbine,Aquilegia,,"Aquilegia (nama umum: topi nenek, columbine) adalah genus dari sekitar 60–70 spesies tanaman tahunan yang ditemukan di padang rumput, hutan, dan di dataran tinggi di seluruh Belahan Bumi Utara, yang dikenal dengan kelopak bunga yang memacu bunga mereka.","CAHAYA
Sinar matahari penuh hingga teduh parsial. Di daerah beriklim panas, yang terbaik adalah memberikan naungan sore hari untuk melindungi tanaman dari panas yang berlebihan.

TANAH
Tanah dengan drainase yang baik sangat penting untuk pertumbuhan columbine yang sehat

AIR
Columbine membutuhkan kelembaban tanah yang moderat
"
Common Dandelion, ,,"Jombang adalah herba pendek, berbunga kuning dengan daun lebar mendatar dan tepinya berlekuk-lekuk. Bunganya sebetulnya adalah sekumpulan bunga kecil yang berkarang pada satu bongkol bunga, yang merupakan ciri khas suku kenikir-kenikiran (Asteraceae). Tanaman ini tumbuh pesat dan liar di kawasan lereng gunung, lapangan maupun di pinggir jalan yang yang berhawa sejuk. Tanaman Jombang berasal dari Eropa dan Asia Barat namun telah tersebar ke banyak tempat, bahkan kadang-kadang mendominasi suatu padang terbuka. Tanaman Jombang dapat memperbanyak diri secara aseksual. Di Indonesia, tanaman ini hanya ditemukan tumbuh liar di dataran tinggi , seperti Lembang, Toba, Solo dan Dieng","1. Siram secara teratur. Dandelion menyukai tanah yang lembab, jadi Anda harus menyiramnya secara teratur agar tetap terhidrasi. Pastikan dua inci bagian atas tanah kering sebelum setiap putaran penyiraman.
2. Perhatikan sinar matahari. Pastikan dandelion Anda mendapat sinar matahari setidaknya enam jam setiap hari saat Anda menanamnya. Setelah sayuran sudah matang, pastikan sayuran tersebut mendapat banyak naungan untuk mencegah sayuran menjadi terlalu pahit jika Anda berencana memakannya.
3. Hindari mulsa. Mulsa adalah cara yang populer untuk mencegah gulma tetapi menghalangi cahaya yang dibutuhkan dandelion agar benihnya dapat berkecambah. Hindari penggunaan mulsa pada dandelion Anda."
Common Tulip,Tulipa,,"Tulip (bahasa Latin: Tulipa) merupakan nama genus untuk 100 spesies tumbuhan berbunga yang termasuk ke dalam keluarga Liliaceae. Tulip berasal dari Asia Tengah, tumbuh liar di kawasan pegunungan Pamir dan pegunungan Hindu Kush dan stepa di Kazakhstan. Negeri Belanda terkenal sebagai negeri bunga tulip. Tulip juga merupakan bunga nasional Iran dan Turki.
Tulip merupakan tumbuhan tahunan berumbi yang tingginya antara 10–70 cm, daunnya berlilin, berbentuk sempit memanjang berwarna hijau nuansa kebiru-biruan, dan bunganya berukuran besar terdiri 6 helai daun mahkota. Tulip hasil persilangan menghasilkan bunga berwarna tunggal, merah, oranye, kuning, hijau, biru, ungu, atau berbagai macam kombinasi dan gradasi warna. Tulip menghasilkan biji-biji berbentuk bundar pipih yang dibungkus kapsul kering.
Seperti halnya bunga mawar, lili, anggrek dan peony, tulip adalah tanaman bunga yang paling banyak dibudidayakan manusia.","CAHAYA
Semua varietas tulip lebih menyukai sinar matahari penuh. Ingat, area di bawah pepohonan yang meranggas akan teduh di musim panas dan sebagian besar cerah di awal musim semi saat tulip sedang aktif tumbuh. Oleh karena itu, ruang ini merupakan tempat yang sangat baik untuk menanam tulip dan umbi musim semi lainnya.

TANAH
Tulip lebih menyukai tanah yang subur dan memiliki drainase yang baik dengan pH netral hingga sedikit asam (6,0 hingga 7,0). Mencampur kompos dapat memperbaiki drainase dan memberikan nutrisi pada umbi. Idealnya, lakukan ini sebelum menanam umbi. Jika tidak, Anda dapat mengoleskan beberapa inci kompos di atas tanah untuk mendorong cacing tanah masuk ke dalam tanah, sehingga meningkatkan sirkulasi dan kemiringan.

AIR
Sirami umbi secara menyeluruh segera setelah Anda menanamnya, tetapi jangan menyiram setelahnya kecuali saat musim kemarau panjang. Jika wilayah Anda mendapat hujan setiap satu atau dua minggu, jangan menyirami tulip Anda. Di daerah kering, penyiraman dianjurkan setiap dua minggu sekali.

SUHU DAN KELEMBAPAN
Tulip tumbuh subur di wilayah dengan musim dingin yang sejuk hingga dingin serta musim panas yang kering dan hangat—kondisi yang ditemukan di sebagian besar zona USDA 3 hingga 8. Tulip memerlukan 12 hingga 14 minggu pada suhu di bawah 55 derajat Fahrenheit untuk mekar, sehingga di wilayah dengan suhu musim dingin yang hangat , mereka harus ditanam sebagai tanaman semusim dari pemasok yang mendinginkan umbi terlebih dahulu.

Tulip cenderung tumbuh lebih baik di daerah kering daripada di iklim lembab karena kelembapan tinggi biasanya disertai dengan banyak hujan di musim semi dan musim panas, yang dapat menyebabkan umbi membusuk.

PUPUK
Tambahkan sedikit kompos, tepung tulang, atau pupuk granular ke dalam lubang tanam saat Anda menanam umbi tulip. Beri mereka makan lagi pada musim semi berikutnya ketika mereka bertunas lagi. Selain itu, tidak diperlukan pemberian makanan tambahan. Untuk jumlah yang digunakan, ikuti petunjuk label produk."
Bunga Dandelion,Dandelion,,"Bunga Dandelion memiliki ciri khas yaitu bentuk kelopaknya yang cukup unik. Dengan tangkai bunga yang tinggi, kelopak bunga dandelion yang mengering memiliki biji pada bagian ujungnya dan dapat terbang dengan mudah apabila terkena angin. Selain itu, bunga dandelion juga memiliki bentuk kelopak bunga yang bulat dan mungil, sehingga menambahkan nilai estetik pada bunga ini. Bunga dandelion yang masih segar dapat menjadi buket bunga yang cocok bersanding dengan bunga mawar dan bunga lainnya dan menambah makna pada rangkaian buket bunga tersebut","Penyiraman rutin sebanyak 2 hari sekali, Untuk meningkatkan kesuburan dan menjaga keindahan bunga dandelion, berikan pupuk kandang secara teratur, sekitar setiap 2 bulan sekali. Lakukan penyemprotan untuk melindungi tanaman dari hama pengganggu. Jika ada daun yang mati, lakukan penyiangan. Dengan perawatan yang tepat, bunga dandelion akan tumbuh subur dan indah."
Bunga Cosmos,Cosmos,,"Bunga cosmos dapat ditemukan dan ditanam di berbagai daerah di Indonesia dengan iklim tropis dan subtropis.
Mereka tumbuh subur di tempat yang mendapatkan sinar matahari penuh dan memiliki tanah yang baik drainasenya. Bunga cosmos memiliki daya tarik yang menawan dengan warna-warna yang mencolok dan bentuk yang elegan. Mereka adalah pilihan populer untuk menghiasi taman, pekarangan, dan taman pot di Indonesia.","Untuk pertumbuhan yang optimal, bunga cosmos membutuhkan lokasi yang terang dan tidak cocok untuk tumbuh di tempat yang teduh. Jika ditanam dalam pot, penting untuk menggunakan substrat yang memiliki drainase yang baik, seperti campuran black peat dan perlit. Jika ditanam di taman, tidak ada perubahan khusus yang diperlukan dalam tanah. Irigasi perlu dilakukan secara teratur, sekitar tiga kali seminggu di musim panas dan 1-2 kali seminggu sepanjang tahun. Penting untuk menghindari menyiram bagian tanaman yang sensitif seperti daun, bunga, dan batang. Jika ditempatkan dalam pot dengan piring di bawahnya, pastikan untuk menghapus kelebihan air setelah sekitar 30 menit untuk mencegah perendaman akar yang dapat menyebabkan pembusukan."
Bunga Poppy,Corn Poppy,"kedamaian, tidur, dan kematian.","Bunga poppy sering digunakan dalam taman sebagai tanaman hias karena keindahan dan warna-warnanya yang mencolok. Beberapa spesies poppy juga digunakan dalam industri farmasi dan parfum karena kandungan kimianya yang unik. Bunga poppy adalah tanaman yang menarik dengan bunga-bunga berwarna mencolok dan makna simbolis yang beragam. Keindahannya membuatnya populer sebagai tanaman hias di taman dan sebagai simbol dalam budaya manusia. Bunga poppy dapat ditemukan di berbagai wilayah di seluruh dunia, terutama di daerah beriklim sedang hingga subtropis. Namun, Pada dasarnya semua bunga poppy mengandung racun, tapi tidak semuanya mengandung opium (candu). Opium poppy (Papaver somnivera) adalah tanaman asli Eurasia, yang telah dibudidayakan selama lebih dari 6000 tahun. Karena sifatnya yang mengandung narkotika, sehingga pertumbuhannya di Amerika Utara telah dibatasi.","Perawatan tanaman poppy melibatkan penghilangan bunga yang telah layu, sehingga mendorong pertumbuhan lebih banyak bunga pada tanaman opium. Penyiraman tanaman poppy perlu dibatasi setelah mereka menetap di tempatnya. Terlalu banyak air dapat menyebabkan pertumbuhan tinggi, besar, dan tidak menarik pada bunga poppy. "
Bunga Cyclamen,Cyclamen,Perpisahan,"Bunga cyclamen merupakan salah satu dari 23 spesies tanaman berbunga dalam famili Primulaceae. Spesies-spesies ini diketahui berasal dari daratan Eropa dan Timur-Tengah hingga ke Iran dan Somalia. Bunga ini dikenal akan corak daun yang beraneka macam. Selain itu, bunga ini juga memiliki umbi dan mahkota bunganya melengkung ke atas dengan warna sangat mempesona. Tak hanya warna, bentuk dari bunga ini juga terbilang unik, karena terlihat seperti sayap kupu kupu.","Persiapkan tanah dengan baik untuk menanam Cyclamen. Campur tanah taman dengan humus atau serbuk gergaji untuk meningkatkan drainase dan kelembapan.

Pastikan bunga Cyclamen mendapatkan pencahayaan yang cukup. Tempatkan di tempat dengan sinar matahari pagi atau sore yang cukup, hindari sinar matahari langsung di siang hari.

Jaga suhu lingkungan yang sesuai. Suhu sejuk sekitar 15-20 derajat Celsius ideal untuk pertumbuhan Cyclamen.

Lakukan perawatan teratur. Pastikan tanah tetap lembab dengan memberikan sedikit air saat permukaan tanah kering. Jaga agar tidak memberikan terlalu banyak air yang berlebihan. Pemangkasan bunga mati dan pemberian pupuk secara rutin juga perlu dilakukan.

Pantau hama dan penyakit. Periksa secara berkala adanya kutu atau jamur pada tanaman Cyclamen. Jika ditemukan, lakukan tindakan pengendalian yang diperlukan untuk menjaga kesehatan bunga."
Daffodil,Daffodil,"semangat baru, kehormatan, dan penghargaan","Daffodil adalah bunga musim semi yang mekar di bulan Maret hingga Mei, tergantung pada iklim setempat. Mereka tumbuh baik di daerah dengan iklim sedang hingga subtropis. Daffodil lebih suka sinar matahari penuh, tetapi juga dapat tumbuh dengan baik di tempat yang sedikit teduh. Bunga daffodil memiliki bentuk khas dan warna yang cerah, membuatnya menjadi bunga yang indah. Daffodil sering kali dianggap sebagai tanda kehadiran musim semi yang menyenangkan dan memberikan kesan ceria dan keindahan di taman atau lingkungan sekitarnya.","1. Tanam umbi dengan bagian atas (ujung runcing) diatur sekitar 2 hingga 3 kali lebih dalam dari tinggi umbi. Misalnya, bagian atas bohlam 2 inci harus sekitar 4 inci di tanah, sedangkan bohlam 3 inci harus ditanam sedalam 5 hingga 6 inci.
2. Daffodil akan mentolerir beberapa kepadatan, tetapi mereka lebih suka diberi jarak sekitar 3 hingga 6 inci.
Mungkin membantu untuk memercikkan sedikit pupuk umbi ke dalam lubang selama penanaman. Pelajari lebih lanjut tentang menyiapkan tanah untuk penanaman.
3. Tahan godaan untuk menemukan tanaman berbunga musim semi seperti daffodil dan tulip. Kamu dapat mengendurkan mulsa, tetapi pucuk masih akan mendapat manfaat dari perlindungan dari angin dingin dan kering di awal musim semi."